module	line	import
app/app.py	1	flask
app/app.py	2	os
app/app.py	3	secrets
app/app.py	4	bw_pg
app/app.py	5	storage_v2
app/app.py	6	maintenance_native
app/app.py	7	maintenance_queue
app/app.py	8	time
app/app.py	9	math
app/app.py	10	shutil
app/app.py	11	platform
app/app.py	12	json
app/app.py	13	gzip
app/app.py	14	io
app/app.py	15	subprocess
app/app.py	16	sys
app/app.py	17	datetime
app/app.py	18	zoneinfo
app/app.py	19	html
app/app.py	20	werkzeug.security
app/app.py	16573	re
app/app.py	17919	hashlib
app/app.py	17920	hmac
app/app.py	17921	ipaddress
app/app.py	17922	threading
app/app.py	17923	functools
app/app.py	17924	flask
app/app.py	21223	collections
app/app.py	26518	zlib
app/app.py	27890	gzip
app/app.py	27891	hashlib
app/app.py	27892	threading
app/app.py	27893	collections
app/app.py	27894	time
app/app.py	34427	threading
app/app.py	34428	random
app/bw_pg.py	9	__future__
app/bw_pg.py	11	atexit
app/bw_pg.py	12	os
app/bw_pg.py	13	re
app/bw_pg.py	14	threading
app/bw_pg.py	15	collections.abc
app/bw_pg.py	16	contextlib
app/bw_pg.py	17	decimal
app/bw_pg.py	18	typing
app/consumption_rollup.py	4	__future__
app/consumption_rollup.py	6	argparse
app/consumption_rollup.py	7	importlib.util
app/consumption_rollup.py	8	json
app/consumption_rollup.py	9	os
app/consumption_rollup.py	10	sys
app/consumption_rollup.py	11	pathlib
app/inventory_cleanup.py	4	__future__
app/inventory_cleanup.py	6	importlib.util
app/inventory_cleanup.py	7	json
app/inventory_cleanup.py	8	os
app/inventory_cleanup.py	9	sys
app/inventory_cleanup.py	10	pathlib
app/maintenance.py	15	__future__
app/maintenance.py	17	argparse
app/maintenance.py	18	fcntl
app/maintenance.py	19	importlib.util
app/maintenance.py	20	json
app/maintenance.py	21	os
app/maintenance.py	22	shutil
app/maintenance.py	23	signal
app/maintenance.py	24	threading
app/maintenance.py	25	hashlib
app/maintenance.py	26	hmac
app/maintenance.py	27	pathlib
app/maintenance.py	28	bw_pg
app/maintenance.py	29	maintenance_native
app/maintenance.py	30	maintenance_queue
app/maintenance.py	31	subprocess
app/maintenance.py	32	sys
app/maintenance.py	33	time
app/maintenance.py	34	traceback
app/maintenance.py	35	urllib.error
app/maintenance.py	36	urllib.request
app/maintenance.py	37	typing
app/maintenance_dispatch.py	3	__future__
app/maintenance_dispatch.py	5	subprocess
app/maintenance_dispatch.py	6	time
app/maintenance_dispatch.py	8	maintenance_native
app/maintenance_dispatch.py	9	maintenance_queue
app/maintenance_native.py	7	__future__
app/maintenance_native.py	9	os
app/maintenance_native.py	10	time
app/maintenance_native.py	11	collections.abc
app/maintenance_native.py	12	typing
app/maintenance_native.py	14	psycopg
app/maintenance_native.py	15	psycopg
app/maintenance_queue.py	7	__future__
app/maintenance_queue.py	9	json
app/maintenance_queue.py	10	os
app/maintenance_queue.py	11	subprocess
app/maintenance_queue.py	12	time
app/maintenance_queue.py	13	typing
app/maintenance_queue.py	15	psycopg
app/maintenance_queue.py	17	maintenance_native
app/retention.py	8	__future__
app/retention.py	10	fcntl
app/retention.py	11	importlib.util
app/retention.py	12	json
app/retention.py	13	os
app/retention.py	14	pathlib
app/retention.py	15	bw_pg
app/retention.py	16	sys
app/retention.py	17	time
app/storage_v2.py	17	__future__
app/storage_v2.py	19	json
app/storage_v2.py	20	os
app/storage_v2.py	21	time
app/storage_v2.py	22	dataclasses
app/storage_v2.py	23	typing
deploy/agent/agent.py	23	os
deploy/agent/agent.py	24	json
deploy/agent/agent.py	25	gzip
deploy/agent/agent.py	26	time
deploy/agent/agent.py	27	subprocess
deploy/agent/agent.py	28	urllib.request
deploy/agent/agent.py	29	urllib.error
deploy/agent/agent.py	30	ipaddress
deploy/agent/agent.py	31	copy
deploy/agent/agent.py	32	signal
deploy/agent/agent.py	33	threading
deploy/agent/agent.py	34	stat
deploy/agent/agent.py	35	pathlib
tests/test_bandwidth_consumption_agent.py	3	pathlib
tests/test_bandwidth_consumption_agent.py	4	importlib.util
tests/test_bandwidth_consumption_agent.py	5	json
tests/test_bandwidth_consumption_agent.py	6	tempfile
tests/test_consumption_auth_contract.py	3	__future__
tests/test_consumption_auth_contract.py	5	ast
tests/test_consumption_auth_contract.py	6	pathlib
tests/test_consumption_ui_contract.py	3	__future__
tests/test_consumption_ui_contract.py	5	ast
tests/test_consumption_ui_contract.py	6	pathlib
tests/test_custom_theme_runtime.py	3	__future__
tests/test_custom_theme_runtime.py	5	ast
tests/test_custom_theme_runtime.py	6	json
tests/test_custom_theme_runtime.py	7	html
tests/test_custom_theme_runtime.py	8	pathlib
tests/test_docs_source_accuracy.py	2	pathlib
tests/test_docs_source_accuracy.py	3	re
tests/test_manifest_contract.py	3	__future__
tests/test_manifest_contract.py	5	hashlib
tests/test_manifest_contract.py	6	pathlib
tests/test_repository_contract.py	2	pathlib
tests/test_storage_v2_contract.py	7	__future__
tests/test_storage_v2_contract.py	8	pathlib
tests/test_storage_v2_contract.py	9	os
tests/test_storage_v2_contract.py	10	sys
tests/test_storage_v2_contract.py	16	storage_v2
tests/test_theme_manager_contract.py	3	__future__
tests/test_theme_manager_contract.py	5	ast
tests/test_theme_manager_contract.py	6	pathlib
tests/test_v5050_batched_ingest.py	1	pathlib
tests/test_v5052_native_copy_ingest.py	1	__future__
tests/test_v5052_native_copy_ingest.py	3	importlib.util
tests/test_v5052_native_copy_ingest.py	4	pathlib
tests/test_v5052_native_copy_ingest.py	6	pytest
tests/test_v5054_snapshot_detail_correctness.py	1	pathlib
tests/test_v5054_snapshot_detail_correctness.py	2	ast
tests/test_v5055_sql_compat_hotfix.py	1	__future__
tests/test_v5055_sql_compat_hotfix.py	3	importlib.util
tests/test_v5055_sql_compat_hotfix.py	4	pathlib
tests/test_v5056_postgres_native_maintenance.py	1	pathlib
tests/test_v5056_postgres_native_maintenance.py	2	ast
tests/test_v5057_mac_identity_search.py	1	pathlib
tests/test_v5057_mac_identity_search.py	2	ast
tests/test_v5057_mac_identity_search.py	3	functools
tests/test_v5057_safe_queue_canonical_vm.py	1	pathlib
tests/test_v5057_safe_queue_canonical_vm.py	2	ast
tests/test_v5057_safe_queue_canonical_vm.py	3	functools
tests/test_v5058_low_io_compatible.py	1	pathlib
tests/test_v5058_low_io_compatible.py	2	importlib.util
tests/test_v5058_low_io_compatible.py	3	gzip
tests/test_v5058_low_io_compatible.py	4	json
tests/test_v5058_r2_friendly_agent_logs.py	1	pathlib
tests/test_v5058_r2_friendly_agent_logs.py	2	importlib.util
tests/test_v5058_r4_consumption_inventory.py	1	pathlib
tests/test_v5059_r1_contract_equivalence.py	1	__future__
tests/test_v5059_r1_contract_equivalence.py	3	ast
tests/test_v5059_r1_contract_equivalence.py	4	hashlib
tests/test_v5059_r1_contract_equivalence.py	5	json
tests/test_v5059_r1_contract_equivalence.py	6	collections
tests/test_v5059_r1_contract_equivalence.py	7	pathlib
tests/test_v5059_r1_ui_responsive_theme_chart_gaps.py	1	pathlib
tests/test_v5059_r2_ui_layout_polish_only.py	1	pathlib
tests/test_v5059_r3_ui_alignment_overflow_hotfix.py	1	pathlib
tests/test_v50_contract.py	2	pathlib
tests/test_v50_contract.py	3	re
tests/test_v50_postgres_integration.py	7	__future__
tests/test_v50_postgres_integration.py	8	importlib.util
tests/test_v50_postgres_integration.py	9	json
tests/test_v50_postgres_integration.py	10	os
tests/test_v50_postgres_integration.py	11	pathlib
tests/test_v50_postgres_integration.py	12	sys
tests/test_v50_postgres_integration.py	13	time
tests/test_v50_postgres_integration.py	14	uuid
tests/test_v50_postgres_integration.py	16	pytest
tests/test_v50_postgres_integration.py	26	psycopg
tests/test_virtinfra_hardening.py	2	pathlib
tools/benchmark-storage-v2.py	3	__future__
tools/benchmark-storage-v2.py	4	argparse
tools/benchmark-storage-v2.py	5	json
tools/benchmark-storage-v2.py	6	os
tools/benchmark-storage-v2.py	7	statistics
tools/benchmark-storage-v2.py	8	time
tools/benchmark-storage-v2.py	9	psycopg
tools/storage-v2-status.py	3	__future__
tools/storage-v2-status.py	4	argparse
tools/storage-v2-status.py	5	json
tools/storage-v2-status.py	6	os
tools/storage-v2-status.py	7	sys
tools/storage-v2-status.py	8	psycopg
tools/storage-v2-status.py	9	psycopg.rows
tools/validate-storage-v2.py	7	__future__
tools/validate-storage-v2.py	8	argparse
tools/validate-storage-v2.py	9	collections
tools/validate-storage-v2.py	10	datetime
tools/validate-storage-v2.py	11	math
tools/validate-storage-v2.py	12	os
tools/validate-storage-v2.py	13	psycopg
tools/validate-storage-v2.py	14	psycopg.rows
